Date,Open,High,Low,Close,Volume,Adj Close
2017/3/14,16.34,16.35,16.24,16.26,16988900,16.26
2017/3/13,16.23,16.34,16.16,16.34,17950100,16.34
2017/3/10,16.23,16.28,16.17,16.23,16396300,16.23
2017/3/9,16.37,16.4,16.22,16.22,17366000,16.22
2017/3/8,16.4,16.44,16.35,16.39,10109600,16.39
2017/3/7,16.38,16.45,16.37,16.43,9319800,16.43
2017/3/6,16.37,16.53,16.35,16.41,15703700,16.41
2017/3/3,16.42,16.43,16.32,16.35,12429400,16.35
2017/3/2,16.62,16.62,16.39,16.41,18996600,16.41
2017/3/1,16.58,16.62,16.52,16.56,16226900,16.56
2017/2/28,16.58,16.67,16.53,16.59,12097900,16.59
2017/2/27,16.69,16.72,16.53,16.59,13732200,16.59
2017/2/24,16.67,16.75,16.66,16.71,11594900,16.71
2017/2/23,16.78,16.83,16.64,16.69,15011100,16.69
2017/2/22,16.88,16.9,16.73,16.75,17032200,16.75
2017/2/21,16.88,17.08,16.81,16.88,17509100,16.88
2017/2/20,16.62,16.98,16.62,16.91,29949900,16.91
2017/2/17,16.78,16.82,16.59,16.64,13863600,16.64
2017/2/16,16.88,16.91,16.76,16.78,16327800,16.78
2017/2/15,16.82,16.93,16.75,16.84,25688000,16.84
2017/2/14,16.87,16.88,16.74,16.75,12987200,16.75
2017/2/13,16.88,16.9,16.78,16.85,19992800,16.85
2017/2/10,16.76,16.84,16.7,16.78,13985200,16.78
2017/2/9,16.68,16.77,16.59,16.72,11393000,16.72
2017/2/8,16.63,16.69,16.54,16.67,11238800,16.67
2017/2/7,16.65,16.74,16.63,16.67,14759200,16.67
2017/2/6,16.75,16.78,16.66,16.66,13455800,16.66
2017/2/3,16.82,16.85,16.62,16.63,8174200,16.63
2017/2/2,16.74,16.74,16.74,16.74,0,16.74
2017/2/1,16.74,16.74,16.74,16.74,0,16.74
2017/1/31,16.74,16.74,16.74,16.74,0,16.74
2017/1/30,16.74,16.74,16.74,16.74,0,16.74
2017/1/27,16.74,16.74,16.74,16.74,0,16.74
2017/1/26,16.69,16.84,16.61,16.74,8602900,16.74
2017/1/25,16.69,16.74,16.61,16.69,11284800,16.69
2017/1/24,16.58,16.7,16.58,16.69,14985200,16.69
2017/1/23,16.66,16.69,16.51,16.57,14616500,16.57
2017/1/20,16.58,16.66,16.5,16.6,14288200,16.6
2017/1/19,16.43,16.64,16.43,16.54,12180600,16.54
2017/1/18,16.42,16.55,16.36,16.48,11478600,16.48
2017/1/17,16.46,16.54,16.37,16.41,12555200,16.41
2017/1/16,16.23,16.6,16.1,16.56,53304700,16.56
2017/1/13,16.1,16.29,16.1,16.27,19034100,16.27
2017/1/12,16.18,16.2,16.11,16.12,8296100,16.12
2017/1/11,16.24,16.24,16.15,16.16,9193300,16.16
2017/1/10,16.18,16.24,16.14,16.19,7996700,16.19
2017/1/9,16.24,16.29,16.13,16.2,14908700,16.2
2017/1/6,16.3,16.3,16.13,16.18,17195500,16.18
2017/1/5,16.3,16.38,16.24,16.3,26437600,16.3
2017/1/4,16.29,16.35,16.18,16.33,29658700,16.33
2017/1/3,16.21,16.44,16.17,16.3,16237100,16.3
2017/1/2,16.21,16.21,16.21,16.21,0,16.21
2016/12/30,16.07,16.23,16.04,16.21,12262100,16.21
2016/12/29,16.09,16.15,15.99,16.07,11851300,16.07
2016/12/28,16.14,16.19,16.03,16.09,14441500,16.09
2016/12/27,16.25,16.32,16.13,16.14,10665800,16.14
2016/12/26,16.13,16.28,16.01,16.25,14482400,16.25
2016/12/23,16.17,16.22,16.07,16.19,11187900,16.19
2016/12/22,16.32,16.33,16.14,16.19,11499100,16.19
2016/12/21,16.26,16.37,16.25,16.32,12638800,16.32
2016/12/20,16.52,16.56,16.12,16.28,22525800,16.28
2016/12/19,16.65,16.7,16.51,16.52,8483400,16.52
2016/12/16,16.7,16.83,16.63,16.66,14531300,16.66
2016/12/15,17.13,17.13,16.7,16.7,30809600,16.7
2016/12/14,17.17,17.42,17.12,17.18,17860500,17.18
2016/12/13,17.36,17.44,17.16,17.17,15602800,17.17
2016/12/12,17.34,17.57,17.19,17.49,48359500,17.49
2016/12/9,17.14,17.46,17.12,17.33,28835600,17.33
2016/12/8,17.15,17.2,17.04,17.14,13234500,17.14
2016/12/7,17.17,17.2,17.06,17.07,15550700,17.07
2016/12/6,17.28,17.42,17.2,17.22,20948000,17.22
2016/12/5,16.95,17.32,16.91,17.3,38201300,17.3
2016/12/2,17.1,17.18,16.8,17.1,33895800,17.1
2016/12/1,17.15,17.27,17.05,17.15,18449200,17.15
2016/11/30,17.28,17.45,17.1,17.16,20135000,17.16
2016/11/29,17.21,17.35,17.11,17.26,29530000,17.26
2016/11/28,17.15,17.49,17.15,17.21,33835200,17.21
2016/11/25,16.89,17.1,16.81,17.09,23335200,17.09
2016/11/24,16.93,17.12,16.86,16.89,21043100,16.89
2016/11/23,16.68,17.23,16.66,16.93,45036400,16.93
2016/11/22,16.67,16.72,16.63,16.68,21080900,16.68
2016/11/21,16.59,16.73,16.54,16.64,21432400,16.64
2016/11/18,16.59,16.64,16.55,16.6,29274300,16.6
2016/11/17,16.58,16.63,16.52,16.6,22718500,16.6
2016/11/16,16.59,16.63,16.54,16.6,12395500,16.6
2016/11/15,16.59,16.61,16.5,16.59,15714100,16.59
2016/11/14,16.53,16.7,16.52,16.6,18124400,16.6
2016/11/11,16.56,16.63,16.45,16.59,21539100,16.59
2016/11/10,16.55,16.64,16.48,16.57,20484500,16.57
2016/11/9,16.47,16.53,16.36,16.46,39826500,16.46
2016/11/8,16.45,16.54,16.44,16.47,17307100,16.47
2016/11/7,16.39,16.45,16.38,16.42,21351600,16.42
2016/11/4,16.3,16.53,16.29,16.4,21516400,16.4
2016/11/3,16.19,16.38,16.19,16.35,25864100,16.35
2016/11/2,16.21,16.3,16.18,16.2,25051100,16.2
2016/11/1,16.26,16.33,16.21,16.3,13028200,16.3
2016/10/31,16.23,16.31,16.01,16.27,14673200,16.27
2016/10/28,16.19,16.34,16.18,16.29,15067200,16.29
2016/10/27,16.3,16.31,16.18,16.19,19517400,16.19
2016/10/26,16.4,16.42,16.3,16.32,12436800,16.32
2016/10/25,16.48,16.5,16.36,16.42,13309300,16.42
2016/10/24,16.3,16.58,16.27,16.47,24757200,16.47
2016/10/21,16.29,16.34,16.22,16.3,10884700,16.3
2016/10/20,16.27,16.34,16.25,16.29,8985700,16.29
2016/10/19,16.35,16.39,16.24,16.27,11143100,16.27
2016/10/18,16.28,16.39,16.24,16.34,18251800,16.34
2016/10/17,16.41,16.44,16.22,16.27,16424900,16.27
2016/10/14,16.43,16.47,16.38,16.46,10660100,16.46
2016/10/13,16.51,16.52,16.42,16.43,14504300,16.43
2016/10/12,16.54,16.54,16.48,16.51,10643800,16.51
2016/10/11,16.57,16.58,16.5,16.57,12690300,16.57
2016/10/10,16.53,16.6,16.48,16.55,18666800,16.55
2016/10/7,16.49,16.49,16.49,16.49,0,16.49
2016/10/6,16.49,16.49,16.49,16.49,0,16.49
2016/10/5,16.49,16.49,16.49,16.49,0,16.49
2016/10/4,16.49,16.49,16.49,16.49,0,16.49
2016/10/3,16.49,16.49,16.49,16.49,0,16.49
2016/9/30,16.5,16.53,16.48,16.49,12190200,16.49
2016/9/29,16.52,16.55,16.49,16.5,10997400,16.5
2016/9/28,16.48,16.53,16.46,16.48,12841900,16.48
2016/9/27,16.42,16.52,16.42,16.48,17025400,16.48
2016/9/26,16.45,16.57,16.41,16.48,20769100,16.48
2016/9/23,16.55,16.55,16.48,16.48,10200400,16.48
2016/9/22,16.49,16.59,16.47,16.53,11527800,16.53
2016/9/21,16.47,16.51,16.43,16.45,9416100,16.45
2016/9/20,16.47,16.48,16.42,16.46,17396800,16.46
2016/9/19,16.45,16.51,16.42,16.46,14465900,16.46
2016/9/16,16.4,16.4,16.4,16.4,0,16.4
2016/9/15,16.4,16.4,16.4,16.4,0,16.4
2016/9/14,16.43,16.48,16.38,16.4,23981400,16.4
2016/9/13,16.4,16.46,16.39,16.45,14234300,16.45
2016/9/12,16.38,16.47,16.26,16.4,36509100,16.4
2016/9/9,16.62,16.66,16.5,16.56,18739400,16.56
2016/9/8,16.47,16.61,16.43,16.6,24406900,16.6
2016/9/7,16.41,16.5,16.35,16.48,17975500,16.48
2016/9/6,16.49,16.53,16.37,16.41,20282600,16.41
2016/9/5,16.49,16.58,16.42,16.49,25677000,16.49
2016/9/2,16.38,16.5,16.35,16.48,23147000,16.48
2016/9/1,16.48,16.55,16.38,16.41,21272000,16.41
2016/8/31,16.35,16.56,16.32,16.48,22003400,16.48
2016/8/30,16.24,16.49,16.24,16.4,36396900,16.4
2016/8/29,16.31,16.37,16.08,16.23,30202000,16.23
2016/8/26,16.36,16.4,16.29,16.34,14688000,16.34
2016/8/25,16.36,16.41,16.2,16.34,24749900,16.34
2016/8/24,16.41,16.51,16.34,16.39,17085400,16.39
2016/8/23,16.41,16.56,16.32,16.4,31754300,16.4
2016/8/22,16.42,16.47,16.31,16.41,19768600,16.41
2016/8/19,16.43,16.5,16.36,16.42,19927300,16.42
2016/8/18,16.55,16.77,16.35,16.44,37110100,16.44
2016/8/17,16.72,16.85,16.52,16.64,36446500,16.64
2016/8/16,16.94,16.99,16.67,16.7,49384000,16.7
2016/8/15,16.5,17.02,16.45,16.94,77333800,16.94
2016/8/12,16.12,16.39,16,16.36,46991600,16.36
2016/8/11,15.75,16.4,15.74,16.07,52689400,16.07
2016/8/10,15.8,15.85,15.73,15.83,18499500,15.83
2016/8/9,15.75,15.8,15.71,15.79,15480800,15.79
2016/8/8,15.76,15.76,15.66,15.74,13129300,15.74
2016/8/5,15.6,15.8,15.59,15.73,17648500,15.73
2016/8/4,15.69,15.69,15.49,15.59,15610400,15.59
2016/8/3,15.64,15.72,15.62,15.67,10583900,15.67
2016/8/2,15.79,15.85,15.68,15.75,10877800,15.75
2016/8/1,15.68,15.85,15.65,15.8,22909900,15.8
2016/7/29,15.65,15.71,15.61,15.7,14348300,15.7
2016/7/28,15.77,15.79,15.65,15.68,17451300,15.68
2016/7/27,15.73,15.88,15.45,15.87,40697300,15.87
2016/7/26,15.69,15.79,15.65,15.74,20462300,15.74
2016/7/25,15.63,15.76,15.63,15.69,11441900,15.69
2016/7/22,15.81,15.82,15.58,15.63,16711700,15.63
2016/7/21,15.74,15.87,15.7,15.83,22020400,15.83
2016/7/20,15.7,15.76,15.63,15.75,14866500,15.75
2016/7/19,15.77,15.8,15.65,15.73,17179800,15.73
2016/7/18,15.73,15.91,15.66,15.77,27766900,15.77
2016/7/15,15.71,15.75,15.65,15.71,15998100,15.71
2016/7/14,15.77,15.84,15.64,15.7,16883400,15.7
2016/7/13,15.65,15.97,15.64,15.79,36238000,15.79
2016/7/12,15.48,15.65,15.45,15.64,25545100,15.64
2016/7/11,15.56,15.57,15.4,15.43,22852400,15.43
2016/7/8,15.55,15.56,15.44,15.45,14901300,15.45
2016/7/7,15.63,15.64,15.45,15.57,24498000,15.57
2016/7/6,15.71,15.76,15.61,15.64,22976500,15.64
2016/7/5,15.94,15.95,15.75,15.79,16171600,15.79
2016/7/4,15.86,16.03,15.8,15.93,21411600,15.93
2016/7/1,15.57,15.96,15.54,15.92,25106400,15.92
2016/6/30,15.5,15.66,15.44,15.57,20735800,15.57
2016/6/29,15.29,15.54,15.28,15.5,21253300,15.5
2016/6/28,15.27,15.3,15.18,15.28,12559800,15.28
2016/6/27,15.29,15.39,15.18,15.31,19163400,15.31
2016/6/24,15.7,15.79,15.08,15.28,30575500,15.28
2016/6/23,15.9,15.9,15.71,15.72,12882200,15.72
2016/6/22,16.1818,16.2727,16.1636,16.2636,15650200,14.31691
2016/6/21,16.2546,16.3182,16.1364,16.1636,17438100,14.22888
2016/6/20,16.3,16.3,16.1364,16.2273,10649600,14.28495
2016/6/17,16.1364,16.3545,16.1273,16.1546,19153400,14.22096
2016/6/16,17.66996,17.93,17.6,17.79998,33958200,15.66939
2016/6/15,17.61001,17.76005,17.54995,17.74003,28965300,15.61662
2016/6/14,17.77006,17.83001,17.69999,17.78997,20650600,15.66058
2016/6/13,17.86004,17.94001,17.77006,17.77996,33056700,15.65177
2016/6/10,17.98995,17.98995,17.98995,17.98995,0,15.83662
2016/6/9,17.98995,17.98995,17.98995,17.98995,0,15.83662
2016/6/8,18.00997,18.07003,17.97004,17.98995,26134100,15.83662
2016/6/7,18.09995,18.12998,17.97004,18.01998,18187300,15.86306
2016/6/6,18.05001,18.10996,17.97004,18.01998,19641800,15.86306
2016/6/3,18.11997,18.12998,17.89997,18.00997,19803800,15.85425
2016/6/2,18.20005,18.30004,17.93,18.01998,19565100,15.86306
2016/6/1,18.30004,18.34998,18.12998,18.19004,20143600,16.01276
2016/5/31,17.93,18.40003,17.91999,18.29003,39194600,16.10078
2016/5/30,17.84002,17.97004,17.67997,17.95002,19292000,15.80147
2016/5/27,17.68998,17.77006,17.63003,17.74003,12783300,15.61662
2016/5/26,17.65005,17.86004,17.65005,17.69999,12171500,15.58137
2016/5/25,17.67997,17.73002,17.6,17.66996,15142800,15.55493
2016/5/24,17.47999,17.6,17.43005,17.54995,11798500,15.44929
2016/5/23,17.50001,17.67997,17.44006,17.54995,15488700,15.44929
2016/5/20,17.31004,17.50001,17.27,17.44996,12254600,15.36127
2016/5/19,17.44006,17.49,17.32995,17.34997,11418900,15.27325
2016/5/18,17.24998,17.62002,17.01997,17.55996,34058600,15.4581
2016/5/17,17.29002,17.33996,17.16,17.24998,10741600,15.18522
2016/5/16,17.22996,17.34997,17.20994,17.29002,12150100,15.22047
2016/5/13,17.36999,17.45997,17.21995,17.23997,12115200,15.17641
2016/5/12,17.43005,17.50001,17.20004,17.41003,16135800,15.32612
2016/5/11,17.54995,17.56997,17.40002,17.44996,13135200,15.36127
2016/5/10,17.38,17.55996,17.38,17.47999,18531300,15.3877
2016/5/9,17.71,17.79998,17.40002,17.51002,24142300,15.41414
2016/5/6,18.07003,18.09995,17.71,17.73002,25747400,15.6078
2016/5/5,18.06002,18.11997,17.97994,18.06002,16430200,15.8983
2016/5/4,18.06002,18.22997,18.01998,18.08004,25430800,15.91593
2016/5/3,17.95002,18.23998,17.83001,18.11997,30554300,15.95108
2016/5/2,17.83001,17.83001,17.83001,17.83001,0,15.69583
2016/4/29,17.83001,17.94001,17.75004,17.83001,25372500,15.69583
2016/4/28,17.93,18.09995,17.83001,17.89997,17301200,15.75741
2016/4/27,17.97004,17.97004,17.79998,17.86004,15222700,15.72226
2016/4/26,17.86994,18.08004,17.75004,17.91999,17313300,15.77504
2016/4/25,18.15,18.16001,17.82,17.88006,26723700,15.73989
2016/4/22,17.99996,18.35999,17.94001,18.23998,30995900,16.05672
2016/4/21,17.82,18.34998,17.75004,18.11997,53034200,15.95108
2016/4/20,17.88996,17.98995,17.31004,17.96003,51276000,15.81028
2016/4/19,17.95002,17.97994,17.77996,17.89997,29971000,15.75741
2016/4/18,17.75004,18.02999,17.66006,17.80999,30892500,15.6782
2016/4/15,17.95002,18.06002,17.79998,17.88996,38250800,15.7486
2016/4/14,17.89997,18.00997,17.75004,17.79998,17375800,15.66939
2016/4/13,17.73002,17.98995,17.68998,17.74003,38708600,15.61662
2016/4/12,17.68998,17.69999,17.53004,17.62002,15510800,15.51097
2016/4/11,17.6,17.82,17.54995,17.66996,26529400,15.55493
2016/4/8,17.55996,17.76005,17.53004,17.6,18845400,15.49335
2016/4/7,17.95002,17.99996,17.63003,17.68998,31952400,15.57256
2016/4/6,18.02999,18.13999,17.86994,17.96003,25771500,15.81028
2016/4/5,17.94001,18.29003,17.76005,18.17002,46884500,15.99514
2016/4/4,18.18003,18.18003,18.18003,18.18003,0,16.00395
2016/4/1,17.97994,18.24999,17.61001,18.18003,39369500,16.00395
2016/3/31,17.97994,18.08004,17.72001,17.93,26138300,15.78385
2016/3/30,17.65005,17.95002,17.65005,17.86994,39118300,15.73098
2016/3/29,17.53004,17.66006,17.36999,17.44996,21066200,15.36127
2016/3/28,17.77996,17.99996,17.36999,17.44996,26973800,15.36127
2016/3/25,17.72001,17.86994,17.67997,17.74003,14981100,15.61662
2016/3/24,18.10996,18.10996,17.67997,17.72001,30193100,15.59899
2016/3/23,18.16001,18.34998,18.06002,18.12998,30613800,15.95989
2016/3/22,18.08994,18.63004,18.01998,18.15,48136800,15.97751
2016/3/21,17.77996,18.24999,17.77996,18.06002,46201600,15.8983
2016/3/18,17.78997,17.99996,17.65005,17.84002,61586700,15.70464
2016/3/17,17.80999,18.19004,17.44996,17.69999,75499300,15.58137
2016/3/16,16.91998,18.07003,16.90997,18.02999,119244800,15.87187
2016/3/15,16.95001,17.19003,16.80998,17.01997,41295000,14.98274
2016/3/14,16.88005,17.46998,16.81999,16.86003,62614400,14.84195
2016/3/11,17.51002,17.53004,16.61,16.97003,108064300,14.93878
2016/3/10,18.44997,18.44997,18.44997,18.44997,0,16.24158
2016/3/9,18.44997,18.44997,18.44997,18.44997,0,16.24158
2016/3/8,18.44997,18.44997,18.44997,18.44997,0,16.24158
2016/3/7,18.44997,18.44997,18.44997,18.44997,0,16.24158
2016/3/4,18.44997,18.44997,18.44997,18.44997,0,16.24158
2016/3/3,18.44997,18.44997,18.44997,18.44997,0,16.24158
2016/3/2,18.44997,18.44997,18.44997,18.44997,0,16.24158
2016/3/1,18.44997,18.44997,18.44997,18.44997,0,16.24158
2016/2/29,18.44997,18.44997,18.44997,18.44997,0,16.24158
2016/2/26,18.44997,18.44997,18.44997,18.44997,0,16.24158
2016/2/25,18.44997,18.44997,18.44997,18.44997,0,16.24158
2016/2/24,18.44997,18.44997,18.44997,18.44997,0,16.24158
2016/2/23,18.44997,18.44997,18.44997,18.44997,0,16.24158
2016/2/22,18.44997,18.44997,18.44997,18.44997,0,16.24158
2016/2/19,18.44997,18.44997,18.44997,18.44997,0,16.24158
2016/2/18,18.44997,18.44997,18.44997,18.44997,0,16.24158
2016/2/17,18.44997,18.44997,18.44997,18.44997,0,16.24158
2016/2/16,18.44997,18.44997,18.44997,18.44997,0,16.24158
2016/2/15,17.97994,18.48,17.79998,18.44997,74025900,16.24158
2016/2/12,18.38001,18.38001,18.38001,18.38001,0,16.17999
2016/2/11,18.38001,18.38001,18.38001,18.38001,0,16.17999
2016/2/10,18.38001,18.38001,18.38001,18.38001,0,16.17999
2016/2/9,18.38001,18.38001,18.38001,18.38001,0,16.17999
2016/2/8,18.38001,18.38001,18.38001,18.38001,0,16.17999
2016/2/5,17.23997,18.39002,17.14999,18.38001,86254800,16.17999
2016/2/4,16.84001,17.32005,16.63002,17.30003,51879100,15.22928
2016/2/3,16.59999,16.65994,16.44995,16.61,30557100,14.62185
2016/2/2,16.5,16.94,16.45996,16.76004,27919000,14.75393
2016/2/1,16.98994,16.99995,16.41002,16.5,32053500,14.52501
2016/1/29,16.52002,17.05,16.41002,16.89996,52171900,14.8771
2016/1/28,16.76004,16.81999,15.88004,16.57997,42792300,14.59541
2016/1/27,16.75003,16.98004,16.51001,16.67996,48720400,14.68343
2016/1/26,16.96002,17.13998,16.40001,16.65994,42107700,14.66581
2016/1/25,16.99995,17.17001,16.72,17.02998,25914800,14.99156
2016/1/22,16.84001,17.11006,16.48999,17.01997,46208000,14.98274
2016/1/21,17.21995,17.45997,16.5,16.57997,37616800,14.59541
2016/1/20,17.61001,17.69999,17.08003,17.24998,39565500,15.18522
2016/1/19,17.77996,17.88006,17.50001,17.77006,32787800,15.64305
2016/1/18,17.43005,17.98995,17.32005,17.67997,36001900,15.56375
2016/1/15,17.79998,18.15,17.52003,17.57998,51395400,15.47572
2016/1/14,16.99995,17.98995,16.89006,17.91999,60322700,15.77504
2016/1/13,17.56997,17.89997,17.34997,17.39001,52656200,15.30849
2016/1/12,17.17001,17.52003,17.08003,17.44996,60911900,15.36127
2016/1/11,17.20994,17.44996,16.96002,17.05,99194800,15.00918
2016/1/8,17.74003,17.88006,16.90997,17.49,79110100,15.39651
2016/1/7,17.79998,17.89997,17.40002,17.51002,12485500,15.41414
2016/1/6,17.89997,18.13999,17.68998,18.09995,51449900,15.93346
2016/1/5,17.51002,18.06002,17.40002,17.96003,63860200,15.81028
2016/1/4,18.28002,18.28002,17.54995,17.79998,46464600,15.66939
2016/1/1,18.27001,18.27001,18.27001,18.27001,0,16.08316
2015/12/31,18.52004,18.52004,18.26,18.27001,30729700,16.08316
2015/12/30,18.71001,18.77997,18.31005,18.56998,39256100,16.34722
2015/12/29,18.63004,18.92,18.39002,18.74004,52017300,16.49693
2015/12/28,19.37001,19.42996,18.62003,18.7,54978700,16.46168
2015/12/25,19.01999,19.48001,18.93001,19.31996,60970600,17.00744
2015/12/24,18.85004,19.14,18.66997,19.04001,62888700,16.76099
2015/12/23,18.90999,19.12999,18.61002,18.87996,72740900,16.6201
2015/12/22,19.00998,19.29004,18.76996,18.89998,58435000,16.63773
2015/12/21,18.78998,19.40004,18.53995,19.14,90739000,16.84902
2015/12/18,18.49001,19.8,18.43006,18.81,101433100,16.55852
2015/12/17,18.26,18.61002,18.20005,18.49001,58634400,16.27683
2015/12/16,18.35999,18.44997,18.10996,18.18003,42570700,16.00395
2015/12/15,18.43996,18.82001,18.17002,18.31005,56854300,16.11841
2015/12/14,18.31005,18.63004,18.02999,18.44997,77810600,16.24158
2015/12/11,19.00998,19.21997,18.43006,18.60001,95773500,16.37366
2015/12/10,19.33998,19.87997,19.10997,19.27002,62800400,16.96347
2015/12/9,19.58,19.58,19.10997,19.22998,101254400,16.92823
2015/12/8,19.28003,20.11999,18.81,20.09997,263873400,17.69408
2015/12/7,18.71001,19.50003,18.71001,19.44998,91681500,17.12189
2015/12/4,19.27002,19.27002,18.68999,18.71001,77303400,16.47049
2015/12/3,19.70001,19.76997,19.21997,19.25,121380900,16.94585
2015/12/2,18.51003,19.99998,18.48,19.85005,168968800,17.47407
2015/12/1,18.34998,18.99997,18.08004,18.65996,69773600,16.42643
2015/11/30,18.43996,18.81,17.6,18.64995,107397200,16.41762
2015/11/27,19.16002,19.42006,18.40003,18.52994,116169600,16.31198
2015/11/26,19.50003,19.70001,19.19995,19.37001,236438600,17.05149
2015/11/25,18.89998,19.67999,18.43996,19.66998,359177200,17.31556
2015/11/24,18.89998,19.11998,18.59,19.05002,142328000,16.7698
2015/11/23,18.51003,19.12999,18.43996,19.06003,188324100,16.77862
2015/11/20,17.80999,18.63004,17.77996,18.46999,163026800,16.2592
2015/11/19,17.30003,17.98995,17.30003,17.89997,112797800,15.75741
2015/11/18,17.46998,17.67997,17.23997,17.39001,63343000,15.30849
2015/11/17,17.45997,17.80999,17.42004,17.44006,69893200,15.35255
2015/11/16,17.33996,17.57998,17.20004,17.42004,49659100,15.33493
2015/11/13,17.20004,17.6,17.14999,17.57998,80776400,15.47572
2015/11/12,17.79998,17.83001,17.14999,17.35998,85569100,15.28206
2015/11/11,18.41004,18.49001,17.50001,17.73002,101343200,15.6078
2015/11/10,17.99996,18.68999,17.82,18.37,154469800,16.17118
2015/11/9,17.91999,19.18994,17.88006,18.15,173602000,15.97751
2015/11/6,17.52003,18.18003,17.51002,17.88006,140353600,15.73989
2015/11/5,16.85002,18.07003,16.75003,17.71,254979600,15.59018
2015/11/4,16.43004,16.91998,16.43004,16.84001,71559300,14.82433
2015/11/3,16.40001,16.77005,16.36998,16.45996,66533500,14.48977
2015/11/2,16.30002,16.52002,16.22005,16.41002,41935000,14.4458
2015/10/30,16.5,16.67996,16.37999,16.39,50011900,14.42818
2015/10/29,16.30002,16.63002,16.22995,16.58998,83336600,14.60422
2015/10/28,16.25998,16.54004,16.09003,16.31003,81648900,14.35778
2015/10/27,16.22995,16.44995,16.14998,16.32004,82427300,14.36659
2015/10/26,16.02997,16.56996,16.02997,16.28,111145100,14.33135
2015/10/23,15.89995,15.89995,15.89995,15.89995,0,13.99679
2015/10/22,15.89995,15.89995,15.89995,15.89995,0,13.99679
2015/10/21,15.89995,15.89995,15.89995,15.89995,0,13.99679
2015/10/20,15.89995,15.89995,15.89995,15.89995,0,13.99679
2015/10/19,15.89995,15.89995,15.89995,15.89995,0,13.99679
2015/10/16,15.89995,15.89995,15.89995,15.89995,0,13.99679
2015/10/15,15.89995,15.89995,15.89995,15.89995,0,13.99679
2015/10/14,15.80997,16.09003,15.80997,15.89995,48727500,13.99679
2015/10/13,15.98003,16.10994,15.85001,15.97002,60168600,14.05847
2015/10/12,15.89995,16.24997,15.73,16.06,102996600,14.13768
2015/10/9,15.97002,16.14998,15.85001,15.89995,45678400,13.99679
2015/10/8,16.79997,16.79997,15.82999,15.87003,154062800,13.97045
2015/10/7,16.63002,16.63002,16.63002,16.63002,0,14.63947
2015/10/6,16.63002,16.63002,16.63002,16.63002,0,14.63947
2015/10/5,16.63002,16.63002,16.63002,16.63002,0,14.63947
2015/10/2,16.63002,16.63002,16.63002,16.63002,0,14.63947
2015/10/1,16.63002,16.63002,16.63002,16.63002,0,14.63947
2015/9/30,15.95,16.65004,15.89995,16.63002,232141900,14.63947
2015/9/29,15.79006,15.99004,15.67005,15.97002,125609200,14.05847
2015/9/28,15.55004,15.96001,15.42002,15.91997,100568400,14.01441
2015/9/25,15.14997,15.62,15.14997,15.58997,149677900,13.72391
2015/9/24,14.94999,15.30001,14.87002,15.26998,86748800,13.44222
2015/9/23,14.91006,15.00004,14.68005,14.94999,60038700,13.16053
2015/9/22,14.97001,15.23005,14.97001,15.04998,42541200,13.24856
2015/9/21,14.96,15.08001,14.83999,14.97001,44537100,13.17816
2015/9/18,15.15998,15.29,15.01995,15.02996,44989100,13.23093
2015/9/17,15.33994,15.46006,15.10003,15.11004,55933500,13.30143
2015/9/16,15.31002,15.79996,15.02996,15.43003,81541800,13.58311
2015/9/15,15.53002,15.55004,15.24006,15.46006,118362700,13.60955
2015/9/14,15.49999,15.95,14.92997,15.92998,202330200,14.02322
2015/9/11,15.34995,15.66004,15.30001,15.55994,317579400,13.69747
2015/9/10,15.05999,15.26998,14.96,15.24996,226323900,13.4246
2015/9/9,14.91006,15.26998,14.91006,15.15998,266109200,13.34539
2015/9/8,14.52,15.15998,14.22003,15.05999,363895600,13.25737
2015/9/7,14.72999,15.00994,14.15997,14.49998,316743500,12.76439
2015/9/4,14.89004,14.89004,14.89004,14.89004,0,13.10776
2015/9/3,14.89004,14.89004,14.89004,14.89004,0,13.10776
2015/9/2,14.90005,15.36997,14.71998,14.89004,280549800,13.10776
2015/9/1,14.66003,15.33994,14.41,15.33004,335395100,13.49509
2015/8/31,14.20001,14.98002,13.95999,14.96,222891300,13.16935
2015/8/28,14.10002,14.32002,13.84999,14.23994,229846000,12.53547
2015/8/27,13.15996,14.09001,12.98,13.98001,233209600,12.30666
2015/8/26,12.65,13.35004,12.39997,13.02004,258736000,11.46159
2015/8/25,12.54,13.07999,11.91003,12.38996,318417700,10.90693
2015/8/24,13.92996,13.94998,12.80004,12.87,368345300,11.32951
2015/8/21,14.60998,14.74,14.20001,14.22003,136172100,12.51795
2015/8/20,14.93998,14.99003,14.66003,14.68005,96937200,12.9229
2015/8/19,14.87002,15.16999,14.49998,15.00004,218968300,13.20459
2015/8/18,15.34995,15.52001,14.82998,14.87002,218289700,13.09014
2015/8/17,15.41001,15.41001,15.22004,15.32003,132981200,13.48628
2015/8/14,15.46996,15.54003,15.36997,15.48998,72991600,13.63589
2015/8/13,15.46996,15.55994,15.29,15.45005,81437600,13.60074
2015/8/12,15.4,15.59998,15.37998,15.38999,87102700,13.54787
2015/8/11,15.69997,15.75002,15.51,15.56995,115614500,13.70629
2015/8/10,15.45005,15.86002,15.34995,15.78005,128632000,13.89124
2015/8/7,15.57996,15.64002,15.38999,15.46996,71832400,13.61826
2015/8/6,15.15998,15.56995,15.13996,15.37998,71915700,13.53906
2015/8/5,15.59998,15.64002,15.26998,15.31002,64004400,13.47747
2015/8/4,15.47997,15.67005,15.37998,15.63001,93669800,13.75916
2015/8/3,14.99003,15.59998,14.86001,15.53002,233603800,13.67114
2015/7/31,14.97001,15.15998,14.65002,15.07,258435400,13.26618
2015/7/30,15.29,15.35996,14.88003,14.90005,130813900,13.11657
2015/7/29,15.22004,15.30001,15.12005,15.29,149444500,13.45985
2015/7/28,14.68005,15.4,14.61999,15.24006,270704600,13.41588
2015/7/27,16.00005,16.10004,14.83999,14.91996,247600700,13.1341
2015/7/24,16.43004,16.48999,16.12996,16.13997,135970100,14.20808
2015/7/23,16.23996,16.51001,16.18001,16.43004,125978000,14.46343
2015/7/22,16.33005,16.37999,16.14998,16.15999,132387900,14.2257
2015/7/21,16.57997,16.72,16.30002,16.37999,171895000,14.41937
2015/7/20,16.99995,17.02998,16.65004,16.67996,190209900,14.68343
2015/7/17,17.02998,17.19003,16.88005,17.01997,215520300,14.98274
2015/7/16,17.07002,17.11996,16.70999,16.96002,199542800,14.92997
2015/7/15,16.69998,17.12997,16.51001,17.07002,383078900,15.0268
2015/7/14,16.77995,16.98004,16.35997,16.75003,336298300,14.74512
2015/7/13,16.98994,17.47999,16.80998,17.03999,409854100,15.00037
2015/7/10,16.76004,18.15,16.65004,17.28001,712545400,15.21166
2015/7/9,15.95,17.40002,15.37998,16.95001,599761000,14.92116
2015/7/8,16.20003,17.50001,15.80997,15.95,921745500,14.04085
2015/7/7,16.94,17.82,16.45996,17.56997,785139800,15.46691
2015/7/6,17.40002,17.45997,16.63002,17.21995,725364100,15.15879
2015/7/3,16.39,16.64003,15.10003,15.87003,343971100,13.97045
2015/7/2,16.5,16.83,15.80997,16.36998,354491300,14.41056
2015/7/1,16.80998,16.92999,16.20003,16.32004,275611600,14.36659
2015/6/30,15.92998,16.98004,15.90996,16.96002,412952400,14.92997
2015/6/29,16.30002,16.53003,14.80996,15.90996,462743200,14.0056
2015/6/26,16.43004,17.08003,15.33004,15.85001,397954400,13.95282
2015/6/25,17.6,17.74003,16.65004,16.70999,298813900,14.70987
2015/6/24,17.02998,17.30003,16.57997,17.24998,283607800,15.18522
2015/6/23,16.44995,17.09004,16.23996,17.01997,327523700,14.98274
2015/6/22,17.07002,17.07002,17.07002,17.07002,0,14.29377
2015/6/19,17.57998,17.95002,16.84001,17.07002,305899200,14.29377
2015/6/18,18.08994,18.24999,17.64004,17.72001,306126400,14.83805
2015/6/17,18.49001,18.98006,17.95002,18.20005,564430500,15.24002
2015/6/16,18.43006,18.43006,18.43006,18.43006,0,15.43262
2015/6/15,18.43006,18.43006,18.43006,18.43006,0,15.43262
2015/6/12,18.43006,18.43006,18.43006,18.43006,0,15.43262
2015/6/11,18.43006,18.43006,18.43006,18.43006,0,15.43262
2015/6/10,18.43006,18.43006,18.43006,18.43006,0,15.43262
2015/6/9,18.43006,18.43006,18.43006,18.43006,0,15.43262
2015/6/8,18.43006,18.43006,18.43006,18.43006,0,15.43262
2015/6/5,18.99997,19.17003,18.01998,18.43006,398662100,15.43262
2015/6/4,17.99996,18.79999,17.57998,18.63004,519051400,15.60007
2015/6/3,17.88996,18.05001,17.53994,17.89997,268553600,14.98874
2015/6/2,17.93,17.97004,17.50001,17.84002,247429100,14.93854
2015/6/1,17.03999,18.08004,16.86003,17.93,315017100,15.01389
2015/5/29,17.08003,17.34997,16.70999,17.03999,281696000,14.26863
2015/5/28,18.09995,18.13999,17.00996,17.03999,367435400,14.26863
2015/5/27,18.43996,18.64995,18.05001,18.07003,326636500,15.13114
2015/5/26,18.21996,18.44997,17.90998,18.39002,331831800,15.39909
2015/5/25,17.85003,18.18003,17.84002,18.13999,301262200,15.18973
2015/5/22,17.45997,17.78997,17.33996,17.76005,272896300,14.87158
2015/5/21,17.24998,17.40002,17.10005,17.32005,183043800,14.50314
2015/5/20,17.03999,17.49,16.97003,17.14999,292243300,14.36074
2015/5/19,16.36998,17.09004,16.34996,17.03999,266476400,14.26863
2015/5/18,16.62001,16.76004,16.34006,16.37999,206310700,13.71597
2015/5/15,16.90997,17.07002,16.58998,16.77995,230557000,14.05088
2015/5/14,17.10005,17.24998,16.94,16.98994,211598100,14.22672
2015/5/13,17.32995,17.39001,16.89996,17.07002,269768900,14.29377
2015/5/12,17.24998,17.40002,17.03999,17.23997,241093900,14.43608
2015/5/11,16.98004,17.31004,16.78996,17.27,304868700,14.46123
2015/5/8,17.19003,17.30003,16.81999,17.11006,203016000,14.3273
2015/5/7,17.02998,17.28001,16.98004,17.07002,235829700,14.29377
2015/5/6,17.08003,17.51002,16.97003,17.06001,333968600,14.28539
2015/5/5,17.73002,17.75004,16.85002,17.08003,412925000,14.30216
2015/5/4,17.99996,17.99996,17.6,17.80999,283871000,14.9134
2015/5/1,18.07003,18.07003,18.07003,18.07003,0,15.13114
2015/4/30,18.28002,18.45998,18.05001,18.07003,454036500,15.13114
2015/4/29,18.27001,18.65996,18.06002,18.52994,394233100,15.51626
2015/4/28,18.23998,18.99997,17.99996,18.30004,660059400,15.32375
2015/4/27,17.72001,18.24999,17.72001,18.17002,422995500,15.21487
2015/4/24,17.79998,18.02999,17.45997,17.67997,465219800,14.80452
2015/4/23,18.50002,18.63994,18.10996,18.21996,399953000,15.25669
2015/4/22,18.30004,18.54996,18.08004,18.50002,462843400,15.4912
2015/4/21,17.75004,18.19004,17.75004,18.16001,405014100,15.20649
2015/4/20,18.72002,18.72002,17.6,17.89997,629679400,14.98874
2015/4/17,18.95003,19.05002,18.46999,18.60001,539175200,15.57493
2015/4/16,17.97004,18.66997,17.85003,18.64995,457583000,15.61675
2015/4/15,17.79998,18.44997,17.71,17.96003,494608300,15.03903
2015/4/14,18.02999,18.04,17.55996,17.88996,410120700,14.98036
2015/4/13,17.98995,18.48,17.62002,18.02999,639547200,15.09762
2015/4/10,16.86003,17.56997,16.76004,17.53004,496697800,14.67898
2015/4/9,17.05,17.47999,16.79997,16.87004,547069000,14.12632
2015/4/8,16.73001,17.03999,16.44995,17.01997,566298000,14.25187
2015/4/7,16.5,16.87004,16.44995,16.70999,552486200,13.9923
2015/4/6,16.20003,16.20003,16.20003,16.20003,0,13.56528
2015/4/3,16.00005,16.29001,15.92998,16.20003,352397600,13.56528
2015/4/2,16.30002,16.37999,15.87003,16.18001,451096400,13.54851
2015/4/1,15.79006,16.13997,15.75002,15.95,336466200,13.35591
2015/3/31,16.47998,16.57997,15.74001,15.79006,543454200,13.22199
2015/3/30,15.55004,16.20003,15.44004,16.01996,536186900,13.41449
2015/3/27,15.32003,15.55004,15.16999,15.35996,239992400,12.86184
2015/3/26,15.14997,15.57996,15.03997,15.35996,310574700,12.86184
2015/3/25,15.59998,15.71999,15.14997,15.24006,364903300,12.76144
2015/3/24,15.88994,16.00005,15.59998,15.68996,357123300,13.13817
2015/3/23,15.81998,16.03998,15.77004,15.90996,393352000,13.32239
2015/3/20,15.62,16.09003,15.36997,15.75002,502184300,13.18846
2015/3/19,15.88004,15.88994,15.57996,15.64002,348448000,13.09635
2015/3/18,15.56995,15.88004,15.43003,15.88004,390120600,13.29733
2015/3/17,15.59998,15.67995,15.35996,15.54003,340645400,13.01262
2015/3/16,15.55994,15.60999,15.20002,15.46996,347728300,12.95395
2015/3/13,15.19001,15.79996,15.08001,15.29,484196200,12.80325
2015/3/12,14.65002,15.55994,14.57995,15.12005,696060000,12.66095
2015/3/11,14.16998,14.56004,14.16998,14.24995,236576700,11.93236
2015/3/10,14.32002,14.36996,14.06999,14.10002,280329200,11.80681
2015/3/9,13.81006,14.69996,13.60997,14.50999,478281600,12.1501
2015/3/6,13.58005,13.78003,13.54001,13.62999,140840000,11.41323
2015/3/5,13.83998,13.83998,13.50998,13.58005,249155000,11.37141
2015/3/4,14.04997,14.06999,13.84999,13.90994,172255600,11.64765
2015/3/3,14.44003,14.44003,13.98001,14.00003,293009600,11.72308
2015/3/2,14.57995,14.57995,14.36006,14.47996,240639600,12.12496
2015/2/27,14.59997,14.79995,14.47996,14.53001,215167500,12.16687
2015/2/26,14.24995,14.68005,14.11003,14.61999,236515300,12.24221
2015/2/25,14.47996,14.49998,14.17999,14.27998,155025800,11.9575
2015/2/24,14.46995,14.46995,14.46995,14.46995,0,12.11658
2015/2/23,14.46995,14.46995,14.46995,14.46995,0,12.11658
2015/2/20,14.46995,14.46995,14.46995,14.46995,0,12.11658
2015/2/19,14.46995,14.46995,14.46995,14.46995,0,12.11658
2015/2/18,14.46995,14.46995,14.46995,14.46995,0,12.11658
2015/2/17,14.42001,14.57995,14.41,14.46995,132731700,12.11658
2015/2/16,14.43002,14.45994,14.25996,14.39999,153142000,12.058
2015/2/13,14.49998,14.67004,14.35005,14.43002,229203500,12.08314
2015/2/12,14.42001,14.43002,14.11003,14.35005,163849500,12.01618
2015/2/11,14.43002,14.54002,14.31001,14.42001,136539800,12.07476
2015/2/10,14.14996,14.47996,14.08,14.43002,202062800,12.08314
2015/2/9,14.05998,14.26997,13.84999,14.15997,247044000,11.85701
2015/2/6,14.09001,14.32002,13.94998,14.09001,205202200,11.79843
2015/2/5,14.75001,14.79995,14.16998,14.17999,433765900,11.87378
2015/2/4,14.49998,14.58996,14.12004,14.17999,184685800,11.87378
2015/2/3,14.21002,14.45994,14.02005,14.45004,215889900,12.09991
2015/2/2,14.05998,14.25996,13.99002,14.03996,232779400,11.75652
2015/1/30,14.57995,14.69006,14.36006,14.46995,228651800,12.11658
2015/1/29,14.57995,14.68005,14.32002,14.42001,293664900,12.07476
2015/1/28,14.81997,15.11004,14.66003,14.80996,266423300,12.40129
2015/1/27,15.44004,15.44004,14.75001,15.00994,387105400,12.56874
2015/1/26,15.55994,15.58997,15.12995,15.43003,295423600,12.92051
2015/1/23,15.74001,16.03998,15.54003,15.63001,352047300,13.08797
2015/1/22,15.73,15.76003,15.34995,15.63001,324212000,13.08797
2015/1/21,15.10003,15.87003,14.80996,15.74001,536294400,13.18008
2015/1/20,14.88003,15.16999,14.57995,15.00004,527137300,12.56045
2015/1/19,15.37998,15.73,14.81997,14.81997,685872900,12.40967
2015/1/16,16.23996,16.75003,16.15999,16.46997,528270500,13.79132
2015/1/15,15.48998,16.14998,15.38999,16.11995,362809500,13.49822
2015/1/14,15.31002,15.79006,15.31002,15.48998,339920700,12.97071
2015/1/13,15.12995,15.41001,15.10003,15.18,196245400,12.71115
2015/1/12,15.49999,15.70998,14.94999,15.22004,404566000,12.74467
2015/1/9,15.20002,16.24997,15.11004,15.43003,541199900,12.92051
2015/1/8,15.87003,15.88004,15.20002,15.24996,363689900,12.76973
2015/1/7,15.89995,16.17,15.53002,15.80997,424288500,13.23866
2015/1/6,16.00005,16.67996,15.81998,16.12996,562853000,13.5066
2015/1/5,15.93999,16.24997,15.55994,16.07001,564925600,13.45641
2015/1/2,15.68996,15.68996,15.68996,15.68996,0,13.13817
2015/1/1,15.68996,15.68996,15.68996,15.68996,0,13.13817
2014/12/31,15.45005,15.79006,15.11004,15.68996,515715500,13.13817
2014/12/30,14.94999,15.49999,14.82998,15.35996,488021100,12.86184
2014/12/29,15.4,15.88004,14.70997,14.94999,687737700,12.51854
2014/12/26,14.3,14.83999,14.19,14.77003,513681400,12.36785
2014/12/25,13.75,14.26997,13.53,14.24995,501294100,11.93236
2014/12/24,14.11003,14.20001,13.31,13.46004,459337500,11.27092
2014/12/23,14.39999,14.98002,14.08,14.11003,485736600,11.81519
2014/12/22,14.17999,15.20002,14.14006,14.68005,751794400,12.29251
2014/12/19,13.95999,14.20001,13.62999,14.09001,479868600,11.79843
2014/12/18,14.22003,14.34004,13.70996,13.89003,549590600,11.63097
2014/12/17,13.48996,14.38998,13.33002,14.11003,956673900,11.81519
2014/12/16,12.88001,13.29999,12.84998,13.28998,482556800,11.12852
2014/12/15,12.80004,12.81995,12.46003,12.76,368527900,10.68473
2014/12/12,13.04996,13.37996,12.78002,12.98,341614600,10.86895
2014/12/11,12.95998,13.55002,12.84998,13.04996,486828300,10.92753
2014/12/10,12.70005,13.25005,12.21,13.15996,682299600,11.01964
2014/12/9,13.56003,14.15997,12.46003,12.65,956113200,10.59262
2014/12/8,13.38997,14.03996,13.2,13.81006,774314700,11.56401
2014/12/5,13.42,14.00003,12.90003,13.53,945612400,11.3295
2014/12/4,12.58004,13.29999,12.37005,13.26996,792045800,11.11175
2014/12/3,12.83997,13.28998,12.32,12.58004,803617600,10.53404
2014/12/2,12.03004,13.07999,12.03004,12.87,648308100,10.77684
2014/12/1,12.45002,12.98,12.12002,12.16006,667997400,10.18236
2014/11/28,11.52998,12.48005,11.48004,12.39997,915401600,10.38326
2014/11/27,11.48004,11.71995,11.27995,11.48004,483712100,9.61294
2014/11/26,11.25003,11.42999,11.09999,11.31999,497489700,9.47892
2014/11/25,10.81,11.08998,10.75,11.07997,318439100,9.27794
2014/11/24,10.57,10.99,10.45,10.86,521454900,9.09375
2014/11/21,10.58,10.82,10.46,10.79,230997400,9.03513
2014/11/20,10.45,10.66,10.37,10.57,178642700,8.85091
2014/11/19,10.43,10.54,10.39,10.47,159859300,8.76717
2014/11/18,10.75,10.8,10.43,10.45,280391000,8.75043
2014/11/17,10.94,11.07997,10.73001,10.75,235971800,9.00164
2014/11/14,10.88,10.98,10.75,10.9,218255700,9.12724
2014/11/13,11.09999,11.38005,10.86,10.94,408390300,9.16073
2014/11/12,10.85,11.06996,10.74,11.05005,298142400,9.25288
2014/11/11,10.62,11.26004,10.62,10.92,719112800,9.14398
2014/11/10,10.53,10.81,10.42,10.55,538314500,8.83416
2014/11/7,10.01,10.39,9.98,10.18001,447825500,8.52434
2014/11/6,10.01,10.04,9.95,10.03,112049400,8.39873
2014/11/5,10.08,10.11,9.96001,9.99,173317500,8.36524
2014/11/4,10.2,10.2,10.02,10.07,179533900,8.43223
2014/11/3,10.25,10.28,10.1,10.16,273208700,8.50759
2014/10/31,9.88,10.38,9.85,10.2,540171200,8.54109
2014/10/30,9.72,9.85,9.65,9.81,194458500,8.21451
2014/10/29,9.61,9.75,9.57,9.7,177155700,8.1224
2014/10/28,9.5,9.61,9.5,9.59,111148400,8.03029
2014/10/27,9.62,9.63001,9.4,9.47,152822400,7.92981
2014/10/24,9.77,9.79,9.66,9.68,119143900,8.10566
2014/10/23,9.78,9.88,9.72,9.75,130257900,8.16428
2014/10/22,9.79,9.88,9.75,9.78,99013100,8.18939
2014/10/21,9.89,9.91,9.76,9.78,115819700,8.18939
2014/10/20,9.93,9.95,9.82,9.9,126190600,8.28988
2014/10/17,9.88,10,9.75,9.85,177121800,8.24801
2014/10/16,9.74001,10.04,9.7,9.89,326003500,8.2815
2014/10/15,9.72,9.85,9.64,9.79,147314400,8.19777
2014/10/14,9.72,9.82,9.69,9.72,92403100,8.13915
2014/10/13,9.79,9.83,9.68,9.73,120814300,8.14752
2014/10/10,9.8,9.91,9.77,9.83,146333200,8.23126
2014/10/9,9.85,9.94,9.81,9.85,144065000,8.24801
2014/10/8,9.78,9.85,9.73,9.84,156996800,8.23963
2014/10/7,9.75,9.75,9.75,9.75,0,8.16428
2014/10/6,9.75,9.75,9.75,9.75,0,8.16428
2014/10/3,9.75,9.75,9.75,9.75,0,8.16428
2014/10/2,9.75,9.75,9.75,9.75,0,8.16428
2014/10/1,9.75,9.75,9.75,9.75,0,8.16428
2014/9/30,9.78,9.8,9.7,9.75,115602600,8.16428
2014/9/29,9.75,9.81,9.72,9.76,133939300,8.17265
2014/9/26,9.69,9.74001,9.64,9.72,88658100,8.13915
2014/9/25,9.79,9.83,9.68,9.71,150937900,8.13078
2014/9/24,9.61,9.79,9.59,9.76,167901000,8.17265
2014/9/23,9.61,9.69,9.6,9.63001,97046500,8.06379
2014/9/22,9.83,9.83,9.61,9.61,171101500,8.04704
2014/9/19,9.72,9.91,9.7,9.85,314605200,8.24801
2014/9/18,9.56,9.75,9.53,9.73,240893200,8.14752
2014/9/17,9.63001,9.66,9.53,9.57,128235100,8.01355
2014/9/16,9.65,9.76,9.59,9.62,245026600,8.05541
2014/9/15,9.56,9.64,9.50999,9.6,109388900,8.03867
2014/9/12,9.61,9.61,9.53,9.6,88326100,8.03867
2014/9/11,9.6,9.73,9.57,9.6,131739500,8.03867
2014/9/10,9.65,9.66,9.57,9.59,122825400,8.03029
2014/9/9,9.75,9.82,9.68,9.7,136252600,8.1224
2014/9/8,9.74001,9.74001,9.74001,9.74001,0,8.1559
2014/9/5,9.73,9.78,9.69,9.74001,139618500,8.1559
2014/9/4,9.7,9.72,9.63001,9.71,108811100,8.13078
2014/9/3,9.63001,9.74001,9.62,9.68,141446900,8.10566
2014/9/2,9.50999,9.63001,9.46,9.6,141576300,8.03867
2014/9/1,9.49,9.52,9.44,9.49,75435800,7.94656
2014/8/29,9.4,9.48,9.36,9.47,59269700,7.92981
2014/8/28,9.45,9.45,9.36,9.36,77318000,7.8377
2014/8/27,9.45,9.5,9.43,9.45,60091600,7.91307
2014/8/26,9.43,9.5,9.41001,9.46,93734900,7.92144
2014/8/25,9.52,9.53,9.42,9.44,99655700,7.90469
2014/8/22,9.5,9.58,9.47,9.54,84574300,7.98843
2014/8/21,9.64,9.65,9.43,9.5,129862900,7.95493
2014/8/20,9.71,9.71,9.63001,9.64,77149100,8.07217
2014/8/19,9.78,9.78,9.64,9.71,109775700,8.13078
2014/8/18,9.69,9.81,9.67,9.72,105722800,8.13915
2014/8/15,9.63001,9.7,9.58,9.68,91858600,8.10566
2014/8/14,9.63001,9.68,9.58,9.6,112558200,8.03867
2014/8/13,9.64,9.68,9.53,9.61,106921800,8.04704
2014/8/12,9.69,9.7,9.6,9.64,88941800,8.07217
2014/8/11,9.57,9.73,9.57,9.7,109892500,8.1224
2014/8/8,9.56,9.6,9.5,9.54,133081000,7.98843
2014/8/7,9.75,9.78,9.55,9.56,155368600,8.00518
2014/8/6,9.83,9.83,9.66,9.74001,147984100,8.1559
2014/8/5,9.92,9.95,9.8,9.87,128636200,8.26476
2014/8/4,9.82,9.94,9.73,9.92,183701400,8.30662
2014/8/1,9.77,9.96001,9.74001,9.76,219247900,8.17265
2014/7/31,9.69,9.81,9.66,9.8,124304000,8.20614
2014/7/30,9.89,9.92,9.67,9.71,201001000,8.13078
2014/7/29,9.8,9.88,9.72,9.78,223354300,8.18939
2014/7/28,9.44,9.83,9.44,9.76,347442300,8.17265
2014/7/25,9.38,9.44,9.3,9.39,147907000,7.86282
2014/7/24,9.09,9.38,9.09,9.32,258508100,7.80421
2014/7/23,9.04,9.14,9.04,9.08001,104579000,7.60325
2014/7/22,8.95999,9.1,8.95999,9.06,111305100,7.58649
2014/7/21,9.01,9.02,8.97,8.98,47733900,7.51951
2014/7/18,8.98,9.05,8.95999,9.02,66157900,7.553
2014/7/17,9.03,9.04,8.97,8.99,47383700,7.52788
2014/7/16,9.01,9.05,9,9.02,63533800,7.553
2014/7/15,9.01,9.02,8.98,9.01,63064700,7.54463
2014/7/14,8.93,9.01,8.9,9,55211500,7.53625
2014/7/11,8.92,8.99,8.91,8.94,64307300,7.48601
2014/7/10,8.92,8.95,8.9,8.92,47613200,7.46926
2014/7/9,9.05,9.05,8.91,8.92,83412600,7.46926
2014/7/8,9.05,9.06,9.01,9.05,57852200,7.57812
2014/7/7,9.07,9.08001,9.03,9.05,47114500,7.57812
2014/7/4,9.08001,9.09,9.05,9.07,51990300,7.59486
2014/7/3,9.06,9.09,9.03,9.07,71008500,7.59486
2014/7/2,9.06,9.09,9.02,9.06,45389000,7.58649
2014/7/1,9.08001,9.1,9.01,9.06,46842900,7.58649
2014/6/30,8.98,9.08001,8.98,9.05,57909600,7.57812
2014/6/27,8.99,9.02,8.95999,8.97,46984500,7.51114
2014/6/26,8.98,9.04,8.98,8.99,47357700,7.52788
2014/6/25,9.05,9.05,8.97,8.98,51477500,7.51951
2014/6/24,9.05,9.09,9.01,9.04,91636000,7.56974
2014/6/23,9.71,9.77,9.63001,9.66,94621500,7.48099
2014/6/20,9.64,9.71,9.62,9.7,63432300,7.51196
2014/6/19,9.74001,9.81,9.6,9.64,75797100,7.4655
2014/6/18,9.73,9.77,9.71,9.73,73105900,7.53519
2014/6/17,9.83,9.83,9.71,9.73,100448700,7.53519
2014/6/16,9.73,9.87,9.69,9.81,130325100,7.59715
2014/6/13,9.55,9.78,9.54,9.73,142587300,7.53519
2014/6/12,9.57,9.59,9.52,9.54,47209400,7.38806
2014/6/11,9.59,9.63001,9.55,9.59,50968200,7.42677
2014/6/10,9.59,9.65,9.52,9.63001,75082500,7.45776
2014/6/9,9.46,9.67,9.46,9.54,64054800,7.38806
2014/6/6,9.6,9.62,9.45,9.50999,58768600,7.36482
2014/6/5,9.45,9.63001,9.43,9.62,62150300,7.45001
2014/6/4,9.55,9.56,9.4,9.45,94871000,7.31836
2014/6/3,9.59,9.64,9.53,9.54,77705400,7.38806
2014/6/2,9.57,9.57,9.57,9.57,0,7.41129
2014/5/30,9.62,9.63001,9.55,9.57,76006500,7.41129
2014/5/29,9.68,9.72,9.6,9.62,82784300,7.45001
2014/5/28,9.66,9.72,9.6,9.68,101726100,7.49648
2014/5/27,9.73,9.74001,9.62,9.66,81879700,7.48099
2014/5/26,9.76,9.78,9.69,9.74001,59519800,7.54294
2014/5/23,9.61,9.7,9.59,9.7,51763000,7.51196
2014/5/22,9.59,9.73,9.57,9.6,78857400,7.43452
2014/5/21,9.52,9.61,9.41001,9.6,59727800,7.43452
2014/5/20,9.56,9.6,9.48,9.55,70463500,7.3958
2014/5/19,9.72,9.72,9.47,9.52,151146500,7.37257
2014/5/16,9.7,9.8,9.7,9.75,62856400,7.55069
2014/5/15,9.79,9.83,9.71,9.73,77469600,7.53519
2014/5/14,9.89,9.92,9.78,9.81,125790600,7.59715
2014/5/13,9.9,9.94,9.83,9.9,72800800,7.66685
2014/5/12,9.85,9.96001,9.79,9.93,142548500,7.69008
2014/5/9,9.75,9.82,9.69,9.76,82312200,7.55843
2014/5/8,9.66,9.87,9.64,9.75,104748400,7.55069
2014/5/7,9.69,9.75,9.64,9.66,61570000,7.48099
2014/5/6,9.7,9.8,9.67,9.7,64677300,7.51196
2014/5/5,9.77,9.79,9.58,9.74001,113859900,7.54294
2014/5/2,9.77,9.77,9.77,9.77,0,7.56617
2014/5/1,9.77,9.77,9.77,9.77,0,7.56617
2014/4/30,9.98,10.02,9.76,9.77,156814800,7.56617
2014/4/29,9.67,9.82,9.65,9.8,97287600,7.58941
2014/4/28,9.82,9.87,9.65,9.67,135767600,7.48873
2014/4/25,9.92,10.05999,9.82,9.84,198630800,7.62038
2014/4/24,9.9,9.98,9.85,9.87,90540400,7.64362
2014/4/23,9.85,10,9.83,9.88,150061500,7.65136
2014/4/22,9.68,9.92,9.66,9.9,155354500,7.66685
2014/4/21,9.74001,9.96001,9.68,9.71,144531500,7.51971
2014/4/18,9.73,9.81,9.63001,9.78,126933900,7.57392
2014/4/17,9.93,9.97,9.74001,9.76,162666200,7.55843
2014/4/16,9.82,9.97,9.81,9.9,110842100,7.66685
2014/4/15,10.07,10.08,9.82,9.85,193782700,7.62813
2014/4/14,10.25,10.29001,10.09,10.12,146923300,7.83722
2014/4/11,10.18001,10.32,10.14,10.25,206779900,7.9379
2014/4/10,10.14,10.41,10.03,10.23,276951500,7.92241
2014/4/9,10.12,10.19,10.03,10.1,183668900,7.82174
2014/4/8,9.71,10.31,9.71,10.14,428942900,7.85271
2014/4/7,9.73,9.73,9.73,9.73,0,7.53519
2014/4/4,9.62,9.75,9.57,9.73,114081200,7.53519
2014/4/3,9.94,10,9.64,9.67,222848000,7.48873
2014/4/2,9.75,10.04,9.71,9.94,243635700,7.69782
2014/4/1,9.66,9.84,9.63001,9.73,133256400,7.53519
2014/3/31,9.7,9.77,9.57,9.72,129753700,7.52745
2014/3/28,9.64,9.92,9.6,9.67,259170500,7.48873
2014/3/27,9.53,9.94,9.48,9.69,341201800,7.50422
2014/3/26,9.78,9.83,9.50999,9.58,207520200,7.41903
2014/3/25,9.76,9.86,9.68,9.75,247856900,7.55069
2014/3/24,9.89,10.01,9.74001,9.8,606031900,7.58941
2014/3/21,8.98,9.89,8.97,9.89,635503100,7.65911
2014/3/20,8.95999,9.2,8.95,8.99,182664600,6.96212
2014/3/19,8.85,9.07,8.76,9.05,103222000,7.00858
2014/3/18,9.22,9.23,8.87,8.89,184761800,6.88468
2014/3/17,8.99,8.99,8.99,8.99,0,6.96212
2014/3/14,8.78,9.03,8.72,8.99,197746100,6.96212
2014/3/13,8.76,9.13,8.68,8.84,217927400,6.84595
2014/3/12,8.47,8.67,8.39,8.56,121515400,6.62912
2014/3/11,8.43,8.53001,8.39,8.46,78231400,6.55167
2014/3/10,8.67,8.71,8.42001,8.44,110369500,6.53619
2014/3/7,8.8,8.91,8.71,8.73,94596300,6.76076
2014/3/6,8.7,8.86001,8.62,8.8,115743800,6.81498
2014/3/5,8.86001,8.88,8.68,8.7,73453800,6.73753
2014/3/4,8.84,8.91,8.68,8.87,124821200,6.86919
2014/3/3,8.91,8.92,8.81,8.85,89528900,6.8537
2014/2/28,8.9,9.01,8.8,8.91,82970600,6.90016
2014/2/27,8.85,9.03,8.81,8.94,123811600,6.92339
2014/2/26,8.81,8.89,8.77,8.85,87792100,6.8537
2014/2/25,9.01,9.08001,8.81,8.83,124287000,6.83821
2014/2/24,9.2,9.21,8.97,9.01,148796100,6.97761
2014/2/21,9.39,9.43,9.22,9.29,90111000,7.19444
2014/2/20,9.53,9.73,9.36,9.39,159068100,7.27189
2014/2/19,9.25,9.57,9.2,9.49,165802600,7.34933
2014/2/18,9.50999,9.50999,9.23,9.26,145169400,7.17121
2014/2/17,9.62,9.66,9.48,9.52,118707900,7.37257
2014/2/14,9.6,9.63001,9.50999,9.59,88553500,7.42677
2014/2/13,9.48,9.84,9.41001,9.6,217541600,7.43452
2014/2/12,9.5,9.64,9.44,9.5,117094200,7.35707
2014/2/11,9.31,9.68,9.22,9.54,233631600,7.38806
2014/2/10,9.18,9.3,9.16,9.29,100730400,7.19444
2014/2/7,9.13,9.18,9.07,9.18,56250600,7.10926
2014/2/6,9.17,9.17,9.17,9.17,0,7.10151
2014/2/5,9.17,9.17,9.17,9.17,0,7.10151
2014/2/3,9.17,9.17,9.17,9.17,0,7.10151
2014/1/31,9.17,9.17,9.17,9.17,0,7.10151
2014/1/30,9.27,9.3,9.15,9.17,57759800,7.10151
2014/1/29,9.24,9.31,9.2,9.29,78147100,7.19444
2014/1/28,9.12,9.29,9.12,9.19001,63066900,7.11701
2014/1/27,9.19001,9.2,9.1,9.12,76844500,7.0628
2014/1/24,9.17,9.32,9.14,9.23,77832900,7.14798
2014/1/23,9.31,9.34,9.21,9.22,69360900,7.14024
2014/1/22,9.18,9.38,9.17,9.34,100526000,7.23317
2014/1/21,9.1,9.26,9.09,9.16,52355600,7.09377
2014/1/20,9.1,9.13,9.04,9.07,46304200,7.02407
2014/1/17,9.17,9.17,9.07,9.12,72652200,7.0628
2014/1/16,9.22,9.26,9.17,9.18,73925200,7.10926
2014/1/15,9.39,9.4,9.16,9.23,85367300,7.14798
2014/1/14,9.4,9.43,9.25,9.4,87681200,7.27963
2014/1/13,9.44,9.47,9.33,9.39,72528900,7.27189
2014/1/10,9.28,9.45,9.24,9.41001,102717900,7.28738
2014/1/9,9.2,9.44,9.16,9.29,120974400,7.19444
2014/1/8,9.14,9.32,9.11,9.2,86463800,7.12475
2014/1/7,9.17,9.21,9.01,9.14,79366000,7.07828
2014/1/6,9.31,9.34,9.13,9.19001,128994400,7.11701
2014/1/3,9.28,9.3,9.08001,9.14,97187100,7.07828
2014/1/2,9.44,9.45,9.29,9.33,76803100,7.22543
2014/1/1,9.43,9.43,9.43,9.43,0,7.30287
2013/12/31,9.21,9.53,9.17,9.43,117960700,7.30287
2013/12/30,9.3,9.32,9.19001,9.2,77449600,7.12475
2013/12/27,9.09,9.32,9.08001,9.24,96857500,7.15573
2013/12/26,9.26,9.27,9.06,9.09,90770500,7.03957
2013/12/25,9.33,9.35,9.15,9.27,97903500,7.17896
2013/12/24,9.37,9.41001,9.25,9.34,78983200,7.23317
2013/12/23,9.41001,9.48,9.31,9.34,69316300,7.23317
2013/12/20,9.63001,9.64,9.34,9.36,118353200,7.24866
2013/12/19,9.75,9.78,9.6,9.61,78103800,7.44226
2013/12/18,9.71,9.8,9.68,9.71,60710900,7.51971
2013/12/17,9.76,9.77,9.66,9.69,85938800,7.50422
2013/12/16,9.85,9.97,9.72,9.74001,131782300,7.54294
2013/12/13,9.84,9.85,9.77,9.83,107937000,7.61264
2013/12/12,9.91,9.96001,9.87,9.88,98822900,7.65136
2013/12/11,10.11,10.13,9.91,9.93,139894400,7.69008
2013/12/10,10.12,10.21,10.08,10.14,98424100,7.85271
2013/12/9,10.21,10.25,10.08,10.11,122470000,7.82948
2013/12/6,10.34,10.34,10.13,10.22,173507400,7.91467
2013/12/5,10.4,10.44,10.28,10.35,165622000,8.01534
2013/12/4,10.24,10.57,10.2,10.4,311633600,8.05407
2013/12/3,10.27,10.34,10.14,10.26,196849000,7.94564
2013/12/2,10.1,10.34,9.99,10.32,449847800,7.99211
2013/11/29,10.05999,10.12,9.96001,9.99,123741100,7.73655
2013/11/28,9.95,10.05999,9.9,9.96001,134022900,7.71332
2013/11/27,9.87,10.08,9.76,9.93,147792800,7.69008
2013/11/26,9.9,10.03,9.88,9.9,80143400,7.66685
2013/11/25,9.99,10.11,9.92,9.93,106443700,7.69008
2013/11/22,10.05,10.11,9.98,10.05999,144228600,7.79075
2013/11/21,10,10.08,9.78,10.07,189574800,7.79851
2013/11/20,10.01,10.18001,9.97,10.05,138585200,7.78301
2013/11/19,10.1,10.1,9.95,9.97,141368200,7.72106
2013/11/18,9.75,10.11,9.66,10.1,254403500,7.82174
2013/11/15,9.49,9.85,9.48,9.68,198621000,7.49648
2013/11/14,9.6,9.68,9.39,9.49,186022100,7.34933
2013/11/13,10.04,10.05,9.63001,9.64,229585900,7.4655
2013/11/12,10.01,10.19,10,10.12,131620700,7.83722
2013/11/11,9.99,10.02,9.9,9.97,87735100,7.72106
2013/11/8,10.02,10.1,9.93,9.98,121427600,7.72881
2013/11/7,10.08,10.19,9.97,10.05,126482200,7.78301
2013/11/6,10.07,10.2,10,10.03,166129200,7.76752
2013/11/5,10.22,10.25,10.04,10.2,189790100,7.89918
2013/11/4,10.48,10.54,10.26,10.3,152665000,7.97662
2013/11/1,10.32,10.53,10.23,10.42,180462900,8.06955
2013/10/31,10.58,10.6,10.31,10.33,232801300,7.99985
2013/10/30,10.48,10.62,10.31,10.59,331282400,8.2012
2013/10/29,10.22,10.69,10.18001,10.48,543635400,8.11602
2013/10/28,10.08,10.22,9.92,10.15,180507900,7.86045
2013/10/25,10.01,10.26,9.99,10.07,282176600,7.79851
2013/10/24,9.96001,10.16,9.82,9.98,187003700,7.72881
2013/10/23,9.95,10.35,9.91,10.02,286564500,7.75978
2013/10/22,10.11,10.11,9.86,9.93,171612500,7.69008
2013/10/21,9.95,10.16,9.8,10.12,233036000,7.83722
2013/10/18,9.82,10.05999,9.8,9.88,142834700,7.65136
2013/10/17,10.01,10.07,9.81,9.82,159778800,7.60489
2013/10/16,10.09,10.09,9.82,9.91,239055200,7.67459
2013/10/15,10.3,10.35,10.02,10.11,233556300,7.82948
2013/10/14,10.45,10.5,10.25,10.29001,301410200,7.96888
2013/10/11,10.1,10.65,10,10.55,486157400,8.17023
2013/10/10,10.3,10.35,9.93,9.98,274147500,7.72881
2013/10/9,10.1,10.46,10.07,10.27,268416700,7.95339
2013/10/8,10.03,10.33,9.88,10.23,284288600,7.92241
2013/10/7,10.09,10.09,10.09,10.09,0,7.81399
2013/10/4,10.09,10.09,10.09,10.09,0,7.81399
2013/10/3,10.09,10.09,10.09,10.09,0,7.81399
2013/10/2,10.09,10.09,10.09,10.09,0,7.81399
2013/10/1,10.09,10.09,10.09,10.09,0,7.81399
2013/9/30,10.34,10.37,10.02,10.09,282162000,7.81399
2013/9/27,10.11,10.33,10.05,10.24,268160600,7.93015
2013/9/26,10.75,10.76,10.07,10.17,493343200,7.87594
2013/9/25,10.74,11.17996,10.69,10.78,422560700,8.34835
2013/9/24,11.18997,11.19998,10.57,10.81,524590700,8.37158
2013/9/23,11.05005,11.19998,10.8,11.17996,498993100,8.65809
2013/9/20,11,11,11,11,0,8.51872
2013/9/18,10.95001,11.18997,10.83,11,440189300,8.51872
2013/9/17,11.40997,11.48004,10.77,10.83,562911700,8.38707
2013/9/16,12.00001,12.02003,11.23001,11.48994,769442600,8.89815
2013/9/13,12.07998,12.26995,11.72996,11.91003,727811200,9.22348
2013/9/12,11.29997,12.39997,11.15994,12.25004,1145680300,9.48679
2013/9/11,11.20999,11.47003,11.19998,11.27005,663906100,8.72786
2013/9/10,11,11.48994,10.77,11.39996,136710500,8.82846
2013/9/9,10.28,10.53,10.18001,10.53,638208100,8.15474
2013/9/6,9.15,9.87,9.12,9.57,331116600,7.41129
2013/9/5,9.19001,9.19001,9.06,9.13,102898800,7.07054
2013/9/4,9.04,9.24,9.03,9.14,156695000,7.07828
2013/9/3,8.95999,9.12,8.89,9.09,154422000,7.03957
2013/9/2,9.11,9.29,8.95,8.97,155360500,6.94663
2013/8/30,8.86001,9.05,8.76,8.99,142057600,6.96212
2013/8/29,9.11,9.21,8.86001,8.92,161146600,6.90791
2013/8/28,8.88,9.15,8.79,9,267932400,6.96986
2013/8/27,8.75,9.05,8.7,8.95,247140200,6.93114
2013/8/26,8.45,8.78,8.4,8.74,177892100,6.76851
2013/8/23,8.54,8.63,8.25,8.42001,129283000,6.5207
2013/8/22,8.41,8.62,8.4,8.44,66359100,6.53619
2013/8/21,8.53001,8.58,8.37,8.45,72305400,6.54393
2013/8/20,8.42001,8.78,8.39,8.51,168966200,6.59039
2013/8/19,8.24,8.5,8.23,8.45,137175200,6.54393
2013/8/16,8.17,9.04,8.15,8.31001,291183800,6.43551
2013/8/15,8.31001,8.37,8.2,8.22,73848200,6.36581
2013/8/14,8.44,8.53001,8.3,8.31001,134094000,6.43551
2013/8/13,8.3,8.43,8.27,8.42001,130539800,6.5207
2013/8/12,8.04,8.32,8.01,8.31001,157036900,6.43551
2013/8/9,8.05,8.08,7.96,8.01,61031900,6.20318
2013/8/8,8.01,8.07,7.95,7.99,60072400,6.18769
2013/8/7,8.03,8.14,8,8.01,75547900,6.20318
2013/8/6,8.03,8.08,7.98001,8.03,91078300,6.21867
2013/8/5,7.98001,8.07,7.95,8.06,58361700,6.2419
2013/8/2,8.06,8.12,7.97,7.98001,63543800,6.17995
2013/8/1,7.92,8.02,7.87001,7.99,64855300,6.18769
2013/7/31,7.91,8.02,7.82,7.86,55368900,6.08701
2013/7/30,7.78,7.96,7.74,7.84,75798400,6.07152
2013/7/29,7.9,7.9,7.71,7.74,92970300,5.99408
2013/7/26,7.98001,8.01,7.94,7.97,47080500,6.1722
2013/7/25,8.02,8.11,7.96,8.02,68211900,6.21092
2013/7/24,8.04,8.09001,7.9,8,96151600,6.19544
2013/7/23,7.99,8.23,7.94,8.14,127497100,6.30385
2013/7/22,7.9,7.99,7.82,7.95,105107200,6.15671
2013/7/19,8.22,8.24,8.02,8.03,83866400,6.21867
2013/7/18,8.41,8.45,8.16,8.2,108948800,6.35032
2013/7/17,8.52,8.55,8.38,8.45,87438600,6.54393
2013/7/16,8.52,8.55,8.41,8.54,86273500,6.61363
2013/7/15,8.55,8.71,8.41,8.56,114236000,6.62912
2013/7/12,8.76,8.85,8.43,8.49,178432500,6.5749
2013/7/11,8.17,8.92,8.17,8.86001,301567600,6.86145
2013/7/10,7.95,8.13,7.9,8.11,66912000,6.28062
2013/7/9,7.92,7.96,7.88,7.92,45060900,6.13348
2013/7/8,8,8.05,7.9,7.91,70375300,6.12574
2013/7/5,8.11,8.22,8.08,8.11,64640700,6.28062
2013/7/4,8.06,8.28,8.02,8.12,94373900,6.28837
2013/7/3,8.1,8.11,7.97,8.04,76659300,6.22641
2013/7/2,8.18,8.22,7.95,8.15,92421500,6.3116
2013/7/1,8.22,8.27,8.07,8.17,94629700,6.32708
2013/6/28,7.82,8.3,7.76001,8.28,173529300,6.41227
2013/6/27,7.85,7.92,7.7,7.88,138405600,6.10251
2013/6/26,7.9,7.95,7.63,7.77,143867800,6.01732
2013/6/25,7.45,7.84,7.18,7.8,271261300,6.04055
2013/6/24,8.29,8.29,7.5,7.52,274975100,5.8237
2013/6/21,8.31001,8.47,8.22,8.28,162186800,6.41227
2013/6/20,8.86001,8.86001,8.4,8.42001,151328600,6.5207
2013/6/19,9.05,9.05,8.82,8.89,58415200,6.88468
2013/6/18,9.05,9.12,9.01,9.07,44394700,7.02407
2013/6/17,9.05,9.1,8.95999,9.01,57243000,6.97761
2013/6/14,9.07,9.07,8.98,9.02,85283700,6.98535
2013/6/13,9.25,9.25,8.91,9.02,140602300,6.98535
2013/6/12,9.35,9.35,9.35,9.35,0,7.24091
2013/6/11,9.35,9.35,9.35,9.35,0,7.24091
2013/6/10,9.35,9.35,9.35,9.35,0,7.24091
2013/6/7,9.50999,9.57,9.32,9.35,79578400,7.24091
2013/6/6,9.61,9.67,9.42,9.45,79659300,7.31836
2013/6/5,9.74001,9.77,9.6,9.65,62046300,7.47324
2013/6/4,9.89,9.89,9.7,9.74001,66181000,7.54294
2013/6/3,9.97,10.01,9.81,9.84,91504700,7.62038
2013/5/31,10.56,10.62,10.46,10.47,112063100,7.63974
2013/5/30,10.48,10.62,10.47,10.54,98400200,7.69082
2013/5/29,10.58,10.62,10.51001,10.52,100604900,7.67623
2013/5/28,10.3,10.56,10.25,10.55,122514800,7.69812
2013/5/27,10.21,10.33,10.18001,10.29001,76501600,7.50841
2013/5/24,10.2,10.28,10.1,10.2,69554000,7.44273
2013/5/23,10.29001,10.33,10.15,10.15,90733200,7.40624
2013/5/22,10.33,10.38,10.28,10.36,78328400,7.55948
2013/5/21,10.38,10.42,10.24,10.34,100952700,7.54489
2013/5/20,10.26,10.54,10.2,10.41,172536300,7.59597
2013/5/17,10.15,10.28,10.05,10.24,135250600,7.47192
2013/5/16,9.99,10.16,9.84,10.15,122812000,7.40624
2013/5/15,9.98,10.02,9.93,9.99,52003400,7.2895
2013/5/14,10.03,10.05,9.93,9.97,74082800,7.27491
2013/5/13,10.02,10.11,9.93,10.02,73693700,7.31139
